{"cameraMode":{"drawMode":0,"name":"Shaded","section":"Shading Mode"},"sceneLighting":true,"audioPlay":false,"sceneViewState":{"m_AlwaysRefresh":false,"showFog":true,"showSkybox":true,"showFlares":true,"showImageEffects":true,"showParticleSystems":true,"showVisualEffectGraphs":true,"m_FxEnabled":true},"in2DMode":false,"pivot":{"x":-1.356093168258667,"y":0.05291806906461716,"z":1.3190500736236573},"rotation":{"x":-0.08773604035377503,"y":0.9105179309844971,"z":-0.3137170970439911,"w":-0.25464093685150149},"size":2.188322067260742,"orthographic":false}